id,title,brand,reason
MPA5002L0070001,">B< Maxipro ACR Long Elbow 7/8""x 90D",Conex Bänninger,Brand: Conex Bänninger
EZPRO-18-HP-23016D-O,EasyPro 5th Generation 18k BTU 230V System,MRCOOL,Brand: MRCOOL
12SW90,"12"" Singlewall Adjustable 90 Degree Elbow",Gray Metal Products,Brand: Gray Metal Products
SWP35,3” X 5' Snaplock Singlewall Pipe,Gray Metal Products,Brand: Gray Metal Products
D SB SEAL TAPE,BLUE MONSTER THREAD SEAL TAPE,Blue Monster Products Mill-Rose,Brand: Blue Monster Products Mill-Rose
SLDRTB,15% Sil-Fos 1 Pound Tube,,Brand: BLANK
CONDP01,Sauermann Condensate Pump 23' Rise 120V,Sauerman,Brand: Sauerman
SB81410,8x14x10 Straight Boot,Gray Metal Products,Brand: Gray Metal Products
SWP185,18” X 3' Snaplock Singlewall Pipe,Gray Metal Products,Brand: Gray Metal Products
AA6302K,Aprilaire Zone Board 2 Heat & 1 Cool 2 stage 2 Zone Heat Pump Syste...,Aprilaire,Brand: Aprilaire
5AFUSE,5 AMP Control Fuse (5 Per Pack),,Brand: BLANK
RSWG1420,14 x 20 Stamp Faced Sidewall/Ceiling Return Grille White,Airscape,Brand: Airscape
RB202NC,"Return Air Boot 20"" x 20"" flat with no collar",Gray Metal Products,Brand: Gray Metal Products
SWP165,16” X 3' Snaplock Singlewall Pipe,Gray Metal Products,Brand: Gray Metal Products
GASNIP128,1/2” x 8” fitting,,Brand: BLANK
34PVCU,"3/4"" PVC Union",American Air Components,Brand: American Air Components
SB6128,"6"" x 12"" x 8"" Straight Boot",Gray Metal Products,Brand: Gray Metal Products
SPY600887,Spyder 13pc Bi-Metal (BIM) Hole Saw Set,Spyder,Brand: Spyder
PAN148,"14x8 Drain pan with no hole (Condensation Pump Application) 14"" x 8""",,Brand: BLANK
521KIT,Goodman Single-Stage Multi-Speed Gas Furnace 521KIT,UEI,Brand: UEI
34TRACRL,3/4” Trac Pipe 100' Roll,,Brand: BLANK
C165+KIT,UEi C165+KIT Combustion Analyzer Kit with Printer,UEI,Brand: UEI
1000002128,ROMAX Compact TT Basic Set 1 2x2Ah,Rothenberger,Brand: Rothenberger
CAP353MF,35/3 MF / 440 VA 440V 35+3 MFD HVAC Capacitor,Hartland Controls,Brand: Hartland Controls
REME-BULB,Reme Halo Replacement Bulb Cell,,Brand: BLANK
GAS1TEE,1” Tee,,Brand: BLANK
05-30-300UB,"5” X 24"" Snaplock Singlewall Pipe",Gray Metal Products,Brand: Gray Metal Products
34HOLE,"3/4"" Hole Straps",,Brand: BLANK
13UNI1075,1/6-1/3 HP Uni. Multi HP CFM 1075 RPM,,Brand: BLANK
APR-4028-DTA,Aprilaire 4028 Drain Trap Assembly,Airscape,Brand: Airscape
H-BD01,HydroBalance Bluedaceous Condenser Coil Cleaner 1 Gallon Concentrate Non-Acid – Blue Coil Cleaner Bottle,HydroBalance,Brand: HydroBalance
06-30-300UB,"6” X 24"" Snaplock Singlewall Pipe",Gray Metal Products,Brand: Gray Metal Products
FLATB-PAINT,Flat Black Rust-oleum Spray Paint,,Brand: BLANK
906128,"6"" x 12"" x 8"" 90 Degree Boot",Gray Metal Products,Brand: Gray Metal Products
6SADDLE,"6"" Saddle Collar",Southwark,Brand: Southwark
NYLWB01,Nylon Webbing,American Air Components,Brand: American Air Components
RED108,10-8 Singlewall Reducer,Gray Metal Products,Brand: Gray Metal Products
CAP453MF,45/3 MF / 440 VA 440V 45+3 MFD HVAC Capacitor,Hartland Controls,Brand: Hartland Controls
MPA52700030001,">B< Maxipro 3/8"" Straight Coupler",Conex Bänninger,Brand: Conex Bänninger
C165+NOIL,UEi C165+NOIL Combustion Analyzer with NOx Sensor for Oil-Fired Appliances,UEI,Brand: UEI
GAS1UN,1” Unions,,Brand: BLANK
STR9034,"3/4"" Copper Street 90",American Air Components,Brand: American Air Components
70025,CAPILLARY TUBE CUTTER,Mastercool,Brand: Mastercool
904106,4x10x6 90 Degree Boot,Gray Metal Products,Brand: Gray Metal Products
ROSSI6,"Rossi 6"" Complete Manual Damper",Rossi,Brand: Rossi
LS3450,3/4 X 3/8 50 Ft,Ptubes Linesets,Brand: Ptubes Linesets
PLENBSB,B Width Air Handler Return Support Plenum Box NO FILTER RACK (18 X ...,,Brand: BLANK
JN165,"3/8""-16 Hex nut 100 Count",,Brand: BLANK
PLENAHBFR,B Width Air Handler Return Support Plenum Box With 18x20x1 Filter R...,,Brand: BLANK
12WIRE1,12-2 High Voltage Wire by the foot,,Brand: BLANK
PF1414,14x14x1” Pleated Filter,GlassFloss,Brand: GlassFloss
ARMA78,"7/8""x 6' Amarflex 1/2"" wall",,Brand: BLANK
CSPLEN,C Width Gas Furnace Supply Plenum (19.75 X 19.63 X 36),,Brand: BLANK
C165+NKIT,UEi C165+NKIT Combustion Analyzer Kit with NOx Sensor and Printer,UEI,Brand: UEI
MSL5825,"5/8"" x 3/8"" 25ft Mini-split",Ptubes Linesets,Brand: Ptubes Linesets
MPA52700050001,">B< Maxipro 5/8"" Straight Coupler",Conex Bänninger,Brand: Conex Bänninger
CE6106,6x10x6 Center End Boot,Gray Metal Products,Brand: Gray Metal Products
3WAY148,14 x 8 3 Way Stamped Face Register White,Airscape,Brand: Airscape
FRG1420,14 x 20 Floor Return Grille Brown,Airscape,Brand: Airscape
ASPLEN,A Width Gas Furnace Supply Plenum (13.25 X 19.63 X 36),,Brand: BLANK
UNIICM2812,Single-Stage Multi-Speed Gas Furnace UNIICM2812,Sauerman,Brand: Sauerman
SLH412,"4"" Line Hide Kit Off-White 12' Tall",Sauerman,Brand: Sauerman
188WIRE,18-8 Low Voltage Wire 250' Roll,,Brand: BLANK
R818,"18"" R-8 Flex",Quality Flex,Brand: Quality Flex
16SW90,"16"" Singlewall Adjustable 90 Degree Elbow",Gray Metal Products,Brand: Gray Metal Products
CAP75MF,7.5 MF / 440 VA 440V 7.5 MFD HVAC Capacitor,Hartland Controls,Brand: Hartland Controls
MPA52700020001,">B< Maxipro 1/4"" Straight Coupler",Conex Bänninger,Brand: Conex Bänninger
C165+OILKIT,UEi C165+OILKIT Combustion Analyzer Kit for Oil-Fired Appliances with Printer,UEI,Brand: UEI
END310,"End Cap Only (3.25 X 10) 25"" x 10"" HVAC Duct",,Brand: BLANK
GAS12UN,½” Unions,,Brand: BLANK
FTXC09AXVJU,Daikin ENTRA Series 9K BTU Hi-Wall Fan Coil,Daikin,Brand: Daikin
12TRACRL,1/2” Trac Pipe 100' Roll,,Brand: BLANK
SAFT01,RectorSeal SS2 Condesation Overflow Switch for the Auxiliary Port of the Coil Primary Drain Pan,,Brand: BLANK
CAP125MF,12.5 MF / 440 VA 440V 12.5 MFD HVAC Capacitor,Hartland Controls,Brand: Hartland Controls
CT-200,HydroBalance Ever-Clean Condensate Pan Tabs 200 Count Jar,HydroBalance,Brand: HydroBalance
GASNIP122,1/2” x 2” fitting,,Brand: BLANK
10-406-ASD,"10"" Saddle Collar with Scoop and Damper",,Brand: BLANK
FRG148,14 x 8 Floor Return Grille Brown,Airscape,Brand: Airscape
COUP34,"3/4 "" Copper Coupling",American Air Components,Brand: American Air Components
1290LTFIT,"1/2"" 90 Degree Liquid Tite fitting",,Brand: BLANK
DT302,Dual Input Logging Thermometer,UEI,Brand: UEI
PF1820,18x20x1” Pleated Filter,GlassFloss,Brand: GlassFloss
ZC-01,HydroBalance Zip Foam Condenser Cleaner Aerosol 18oz NetWt,HydroBalance,Brand: HydroBalance
ROSSLV10,"Rossi 10"" Sleeve - Manual Damper",Rossi,Brand: Rossi
RECT122448,"Trunk Line Without End Caps (12 X 24 X 48) 12"" x 24"" x 48"" HVAC Duct",,Brand: BLANK
RSWG148,14 x 8 Stamp Faced Sidewall/Ceiling Return Grille White,Airscape,Brand: Airscape
184WIRE300,18-4 Thermostat Wire 300' Roll,,Brand: BLANK
4EAVE,"4"" WHITE PLASTIC EAVE Cap with 3"" Long Metal Collar on back",Builders Best,Brand: Builders Best
182WIRE,18-2 Low Voltage Wire 500' Roll,,Brand: BLANK
ROSSI10,"Rossi 10"" Complete Manual Damper",Rossi,Brand: Rossi
08-30-300UB,"8” X 24"" Snaplock Singlewall Pipe",Gray Metal Products,Brand: Gray Metal Products
JWW81,"5/16"" Flat Washer",,Brand: BLANK
H-NT08,Neutronic Odor Neutralizer Gel 0.5 Pound Gel Tub,,Brand: BLANK
70033,HEAVY DUTY TUBE CUTTER,Mastercool,Brand: Mastercool
SPFOAM,Spray Foam,,Brand: BLANK
10-30-300,"10” X 24"" Snaplock Singlewall Pipe",Gray Metal Products,Brand: Gray Metal Products
FTXV09AVJU9,Daikin Hi-Wall Style Series 9K BTU Hi-Wall Fan Coil Multi Zone R-32,Daikin,Brand: Daikin
PVCCEM1,"1"" PVC Cement",,Brand: BLANK
AACL06,"Aprilaire 6"" Round Damper 2 Wire Normally Closed Ventilation Damper...",Aprilaire,Brand: Aprilaire
EZPRO-24-HP-23016D-O,EasyPro 5th Generation 24k BTU 230V System,MRCOOL,Brand: MRCOOL
RED87,8-7 Singlewall Reducer,Gray Metal Products,Brand: Gray Metal Products
BBPW,Blue Plastic Boot Wrap Rolls,,Brand: BLANK
RB142014,"14""x20""x14"" Return HVAC Boot",Gray Metal Products,Brand: Gray Metal Products
SPY19024,Spyder Mach-Blue 1/4-in 10-Step Drill Bit (1/4-in to 1-3/8-in),Spyder,Brand: Spyder
CS-250,HydroBalance Sta-Clean Pan Strips 1 Strip 3-5 Ton,HydroBalance,Brand: HydroBalance
H-SA12,Hydrobalance Spray Adhesive 12oz NetWt Can,HydroBalance,Brand: HydroBalance
ROSSLV12,"Rossi 12"" Sleeve - Manual Damper",Rossi,Brand: Rossi
CE4148,4x14x8 Center End Boot,Gray Metal Products,Brand: Gray Metal Products
CAP4075MF,40/7.5 MF / 440 VA 440V 40+7.5 MFD HVAC Capacitor,Hartland Controls,Brand: Hartland Controls
SB4148,4x14x8 Straight Boot,Gray Metal Products,Brand: Gray Metal Products
BFLR144,14 x 4 Floor Register Brown,Airscape,Brand: Airscape
UEIGNGV,Universal Electronic Ignition Gas Valve,,Brand: BLANK
10COL,Sheet Metal 10COL,Southwark,Brand: Southwark
H-BM01,HydroBalance Black Max Concentrate Condenser Coil Cleaner & Brightener 1 Gallon Bottle,HydroBalance,Brand: HydroBalance
APLENFR,"Furnace Return Air Plenum - A Width (14.5"")",,Brand: BLANK
6ROOF,6 in. Roof Cap Adapter Sleeve,,Brand: BLANK
2PVCC,2” PVC Couplings,American Air Components,Brand: American Air Components
34PVC45,"34"" ¾” PVC 45",American Air Components,Brand: American Air Components
R614,"14"" R-6 Flex",Quality Flex,Brand: Quality Flex
510KIT,Condensing Unit Install Kit,UEI,Brand: UEI
GAS34COUP,¾” Couplings,,Brand: BLANK
SPY600913,Spyder Tarantula 3-in Carbide-tipped Non-arbored Hole Saw,Spyder,Brand: Spyder
C161C,Residential Combustion Analyzer w/ AC509 Carrying Case,UEI,Brand: UEI
WTOE210,2 x 10 Toe Kick Grille White,Airscape,Brand: Airscape
"RXC24AXVJU, FTXC24AXVJU",Daikin ENTRA 18 SEER2 24K BTU Heat Pump and 24K BTU Hi-Wall Fan Coil,Daikin,Brand: Daikin
PAN3232,32x32 Drain pan with no hole (Upflow Application),,Brand: BLANK
SPY19020,Spyder Mach-Blue 1/4-in 6-Step Drill Bit (3/16-in to 1/2-in),Spyder,Brand: Spyder
MPA52700060001,">B< Maxipro 3/4"" Straight Coupler",Conex Bänninger,Brand: Conex Bänninger
34INSUV,"3/4"" Insulation UV Rated",,Brand: BLANK
SB6148,6x14x8 Straight Boot,Gray Metal Products,Brand: Gray Metal Products
115VCMBO,115V Switch Receptacle Combo,,Brand: BLANK
3CONVENT,"3"" CONCENTRIC VENT KIT",,Brand: BLANK
346WHP,"3/4"" 8AWG 6' non-metallic whip up to 60A 240V",American Air Components,Brand: American Air Components
CAP305MF,30/5 MF / 440 VA 440V 30+5 MFD HVAC Capacitor,Hartland Controls,Brand: Hartland Controls
H-NT03,Neutronic Odor Neutralizer Gel 3 Pound Gel Tub,,Brand: BLANK
FMBLK1,"Foam Support Blocks (8 X 8 X 4) 8"" x 8"" x 4""",,Brand: BLANK
RSWG2020,20 x 20 Stamp Faced Sidewall/Ceiling Return Grille White,Airscape,Brand: Airscape
FSR-10x6-BRN,"10x6 Brown Floor Supply Register 10"" x 6""",,Brand: BLANK
SB4106,4x10x6 Straight Boot,Gray Metal Products,Brand: Gray Metal Products
R804,"4"" R-8 Flex",Quality Flex,Brand: Quality Flex
12SHTOF,"1/2"" Shut off Valve",,Brand: BLANK
GM3469,TuttoKool Universal Condensing Fan Motor 1/3 to 1/6 208 - 230V 825 ...,,Brand: BLANK
GASNIP348,3/4” x 8” fitting,,Brand: BLANK
20A2PBR,20A 2 Pole 230V Breaker,,Brand: BLANK
GAS12CAP,"1/2"" Cap",,Brand: BLANK
JTEKD2,"1/4"" Drilling Screws zip screws 100 Count",,Brand: BLANK
CAP355MF,35/5 MF / 440 VA 440V 35+5 MFD HVAC Capacitor,Hartland Controls,Brand: Hartland Controls
2MXM18AVJU9,Daikin MXM 18K BTU 2-Zone Heat Pump R-32,Daikin,Brand: Daikin
38BARB,3/8” Barb Couplings,American Air Components,Brand: American Air Components
LCAPSING,Refrigerant Locking Cap (Single),,Brand: BLANK
CAP555MF,55/5 MF / 440 VA 440V 55+5 MFD HVAC Capacitor,Hartland Controls,Brand: Hartland Controls
DL489COMBO,True RMS Clamp Meter w/ 2 ATTPC3 Pipe Clamps,UEI,Brand: UEI
IR-WIFI-1NA,Westinghouse Wi-Fi Controller,,Brand: BLANK
GASNIP16,1” x 6” fitting,,Brand: BLANK
SPY19019,Spyder Mach-Blue 1/4-in 13-Step Drill Bit (1/8-in to 1/2-in),Spyder,Brand: Spyder
1036ADJ,10 X 3.25 x 6 Adjustable Boot,Gray Metal Products,Brand: Gray Metal Products
MPA5285G0020201,">B< Maxipro 1/4""x1/4"" Flare Adaptor",Conex Bänninger,Brand: Conex Bänninger
C161KIT,Residential Combustion Analyzer Kit w/ Printer/Case,UEI,Brand: UEI
EZPRO-09-HP-11516D-O,EasyPro 5th Generation 9k BTU 115V System,MRCOOL,Brand: MRCOOL
12-30-300,"12” X 24"" Snaplock Singlewall Pipe",Gray Metal Products,Brand: Gray Metal Products
400066,R-US REMS pressing rings S set BMP 1/4-7/8'' Mini A4 Z8 +ZB L-Boxx:,REMS,Brand: REMS
ROSSI8,"Rossi 8"" Complete Manual Damper",Rossi,Brand: Rossi
DMG150,Digital Micron Gauge W Proffesional accuracy Rang,UEI,Brand: UEI
FRG146,14 x 6 Floor Return Grille Brown,Airscape,Brand: Airscape
QK10M,Zip Screws 1000 Count,,Brand: BLANK
PF2425,"24x25x1” Pleated Filter 24"" x 25"" x 1""",GlassFloss,Brand: GlassFloss
12LTFIT,½” Straight Liquid Tight Fittings,,Brand: BLANK
9-BI-6TPI-1,"9"" Bi-Metal 6TPI Sawzall Blade",Spyder,Brand: Spyder
ANCHRK01,Anchor Kit,,Brand: BLANK
GAS12COUP,½” Couplings,,Brand: BLANK
4SW90,"4"" Singlewall Adjustable 90 Degree Elbow",Gray Metal Products,Brand: Gray Metal Products
T-200x,Amrad Turbo 200x,,Brand: BLANK
RB141410,"14""x14""x10"" Return HVAC Boot",Gray Metal Products,Brand: Gray Metal Products
SPY11001,Spyder Stinger 14-Piece x 6-in Woodboring SPlastic Pade Drill Bit Set,Spyder,Brand: Spyder
1438ADJ,14 x 3.25 x 8 Adjustable Boot,Gray Metal Products,Brand: Gray Metal Products
906148,6x14x8 90 Degree Boot,Gray Metal Products,Brand: Gray Metal Products
16COL,"16"" Starting Collar Take Off - Snap Lock",Southwark,Brand: Southwark
SWCAP6,"6"" Silver Metal Sidewall Cap With 5"" Long Collar, Screen and Damper",Builders Best,Brand: Builders Best
R606,"6"" R-6 Flex",Quality Flex,Brand: Quality Flex
6COL,"6"" Starting Collar Take Off - Snap Lock",Southwark,Brand: Southwark
14-310,"14"" Round End Caps No Crimp",,Brand: BLANK
3490LTFIT,"3/4"" 90 Degree Liquid Tite Fitting",,Brand: BLANK
R610,"10"" R-6 Flex",Quality Flex,Brand: Quality Flex
522KIT,Oil Burner & Boiler Install Kit,UEI,Brand: UEI
62WIRE50,6-2 High Voltage Wire 50' Roll,,Brand: BLANK
BLWRN01,Small Blue Wire Nuts (100 ct. Pack),,Brand: BLANK
FG1420,"14 x 20 Stamp Faced Sidewall/Ceiling Return 1"" Filter Grille White",Airscape,Brand: Airscape
AA313,Aprilaire 313 MERV 13 Replacement Filter for 1310 Cabinet,Aprilaire,Brand: Aprilaire
SPY200303,Spyder 5 Piece Black Series Bi Metal Reciprocating Saw Blades 6 in.,Spyder,Brand: Spyder
EM720,Hi-Res Differential Manometer,UEI,Brand: UEI
MPA5002L0060001,">B< Maxipro ACR Long Elbow 3/4""x90D",Conex Bänninger,Brand: Conex Bänninger
06-406-ASD,"06"" Saddle Collar with Scoop and Damper",,Brand: BLANK
ROSSLV8,"Rossi 8"" Sleeve - Manual Damper",Rossi,Brand: Rossi
4SADDLE,"4"" Saddle Collar",Southwark,Brand: Southwark
230UNICFM1025,1/6-1/3 Multi-Horsepower Universal Condenser Fan Motor 1025 RPM,,Brand: BLANK
FLATW-PAINT,Flat White Rust-oleum Spray Paint,,Brand: BLANK
1210WHP,"1/2"" 10AWG 6' non-metalic whip up to 30A 240V",American Air Components,Brand: American Air Components
QFLSH6,"Quick Flash 6"" Blue Plate P-600",Quickflash,Brand: Quickflash
H-WP75,HydroBalance Scrubbin' Wipes 75-Count Dispenser,HydroBalance,Brand: HydroBalance
SWCVR01,Switch Cover,,Brand: BLANK
ROSSLV14,"Rossi 14"" Sleeve - Manual Damper",Rossi,Brand: Rossi
UNIDEFBD,Universal Heat Pump Defrost Control Board Model # 47D01U-843,,Brand: BLANK
AA8053,Aprilaire 8053 Surface-Mount Sensor,Airscape,Brand: Airscape
AA83W,"Aprilaire 8"" Round Damper 2 Wire Normally Open Zone Damper Model # ...",Aprilaire,Brand: Aprilaire
DIY-09-HP-WM-115D25-O,MRCOOL 9k DIY 5th Generation Mini-split Air Handler & Condenser 115v,MRCOOL,Brand: MRCOOL
CAP4575MF,45/7.5 MF / 440 VA 440V 45+7.5 MFD HVAC Capacitor,Hartland Controls,Brand: Hartland Controls
9V,9V Batteries,,Brand: BLANK
8COL,"8"" Starting Collar Take Off - Snap Lock",Southwark,Brand: Southwark
AAPLEN1310,1310 April Aire Return Support Plenum Box (20.5 X 20.5 X 22.5),Aprilaire,Brand: Aprilaire
C30H142P449,ADP 2.5 Ton R-410A Horizontal Cased Evaporator Coil - C30H142P449,,Brand: BLANK
RSWG306,30 x 6 Stamp Faced Sidewall/Ceiling Return Grille White,Airscape,Brand: Airscape
SPY19023,Spyder Mach-Blue 1/4-in 16 Step Drill Bit,Spyder,Brand: Spyder
CAP10MF,Capacitor CAP10MF 10 MFD,Hartland Controls,Brand: Hartland Controls
3SW90,"3"" Singlewall Adjustable 90 Degree Elbow",Gray Metal Products,Brand: Gray Metal Products
ROSSI4,"Rossi 4"" Complete Manual Damper",Rossi,Brand: Rossi
QFLSH1,"Quick Flash 1"" Blue Plate (3/4 PVC & 1"" Black Pipe)",Quickflash,Brand: Quickflash
C161OILKIT,Residential Combustion Analyzer Kit for Gas & Oil Fired Appliances,UEI,Brand: UEI
FF1620/2020,"16 x 20 x 4 & 20 x 20 x 4 Universal MERV 11 Filter Replacement 16"" ...",,Brand: BLANK
MSL1225,"1/2"" x 1/4"" 25ft Mini-Split",Ptubes Linesets,Brand: Ptubes Linesets
EM201SPKIT,Static Pressure Manometer Kit,UEI,Brand: UEI
SILIC01,Accessory SILIC01,,Brand: BLANK
R608,"8"" R-6 Flex",Quality Flex,Brand: Quality Flex
TPSPD,"Surge Protector 100,000 Amps Max Surge Current 5-2-1",5-2-1 (CPS),Brand: 5-2-1 (CPS)
OC142014,"Return Air Boot Side Outlet 14 x 20 x 14"" round collar",Gray Metal Products,Brand: Gray Metal Products
PLENAHCFR,C Width Air Handler Return Support Plenum Box With 20x20x1 Filter R...,,Brand: BLANK
30A2PBR,30A 2 Pole 230V Breaker,,Brand: BLANK
6900,REFRIGERANT RECOVERY SYSTEM,Mastercool,Brand: Mastercool
SLDR1,15% Sil-Fos (Per Stick),,Brand: BLANK
FTXQ09ASBU9,Daikin OTERRA Series 9K BTU Hi-Wall Fan Coil R-32,Daikin,Brand: Daikin
8SADDLE,"8"" Saddle Collar",Southwark,Brand: Southwark
34PVCJ,"34"" PVC 3/4” J-Traps",American Air Components,Brand: American Air Components
MPA52700070001,">B< Maxipro 7/8"" Straight Coupler",Conex Bänninger,Brand: Conex Bänninger
34SHTOF,3/4 Shut Off Valve,,Brand: BLANK
H-SP48,HydroBalance Hand-Held Pump Sprayer 48 Fl.oz. Capacity,HydroBalance,Brand: HydroBalance
AQM4,Indoor Air Quality Meter,UEI,Brand: UEI
GAS1290,1/2” 90s,,Brand: BLANK
34PVCR,"34"" PVC 3/4"" R-Trap",American Air Components,Brand: American Air Components
FTXV18AVJU9,Daikin Hi-Wall Style Series 18K BTU Hi-Wall Fan Coil Multi Zone R-32,Daikin,Brand: Daikin
18SW90,"18"" Singlewall Adjustable 90 Degree Elbow",Gray Metal Products,Brand: Gray Metal Products
DAFM4,Digital In-Duct Mini Vane Anemometer,UEI,Brand: UEI
FTXC24AXVJU,Daikin ENTRA Series 24K BTU Hi-Wall Fan Coil,Daikin,Brand: Daikin
CONPL2,Double Pole 240V 24V Coil Contactor 240V HVAC Relay,Hartland Controls,Brand: Hartland Controls
GAS34UN,¾” Unions,,Brand: BLANK
904104,4x10x4 90 Degree Boot,Gray Metal Products,Brand: Gray Metal Products
CNRBLK01,Corner Mounts,,Brand: BLANK
5SW90,"5"" 90° Galvanized Adjustable Elbow - 30 Gauge",Southwark,Brand: Southwark
C163KIT,Residential/Commercial Combustion Analyzer Kit w/ Pressure/Printer,UEI,Brand: UEI
CAP3575MF,35/7.5 MF / 440 VA 440V 35+7.5 MFD HVAC Capacitor,Hartland Controls,Brand: Hartland Controls
DL579COMBO,600A Dual Display TRMS-Clamp w/Temp and Cap w/ ATTPC4,UEI,Brand: UEI
DBOX24,"4"" Dryer Box for 2"" x 4"" Wall Thickness",Construction Solutions,Brand: Construction Solutions
18X16-311P,18-16 Singlewall Reducer,Gray Metal Products,Brand: Gray Metal Products
AA123W,"Aprilaire 12"" Round Damper 2 Wire Normally Open Zone Damper Model #...",Aprilaire,Brand: Aprilaire
AA913,Aprilaire 913 MERV 13 Replacement Filter for 1410 Cabinet,Aprilaire,Brand: Aprilaire
GASR1141,"1 1/4""x1"" Reducer",,Brand: BLANK
AA-130PT-DEHU,Aprilaire Model E130 Dehumidifier,Aprilaire,Brand: Aprilaire
10SW90,"10"" Singlewall Adjustable 90 Degree Elbow",Gray Metal Products,Brand: Gray Metal Products
PAD4040,"40"" x 40"" Plastic Pad",,Brand: BLANK
UNIFLMSN,Straight Universal Flame Sensor,,Brand: BLANK
16-310,"16"" Round End Caps No Crimp",,Brand: BLANK
34PVCF,"34"" PVC Female Fitting",American Air Components,Brand: American Air Components
752DWRAP-1,"7.5 Feet 2"" R-6 Duct Wrap for Plenum",,Brand: BLANK
5224-A,INFRARED THERMOMETER WITH LASER,Mastercool,Brand: Mastercool
Y864,8 x 6 x 4 Wye,Southwark,Brand: Southwark
GASNIP12,1” x 2” fitting,,Brand: BLANK
904148,4x14x8 90 Degree Boot,Gray Metal Products,Brand: Gray Metal Products
LS7850,7/8 X 3/8 50 Ft,Ptubes Linesets,Brand: Ptubes Linesets
BR1-100,Boot Rails,Gray Metal Products,Brand: Gray Metal Products
12-406-ASD,"12"" Saddle Collar with Scoop and Damper",,Brand: BLANK
BFLR104,10 x 4 Floor Register Brown,Airscape,Brand: Airscape
SCHPRT,1/4 in. Schrader Ports (6-Pack),,Brand: BLANK
JSW75,"3/8"" SAE Flat Washer",,Brand: BLANK
GAS34TEE,"3/4"" TEE",,Brand: BLANK
AA8145,Aprilaire Model 8145 Stand Alone Outside Air Ventilator with Built-...,Aprilaire,Brand: Aprilaire
HNGWR01,Hanging Wire / roll,,Brand: BLANK
C SB WP (DB),"ShuBee Shoe Covers up to size 14 boot, Waterproof, Dark Blue 40Per box",ShuBee,Brand: ShuBee
CE6128,"6x12x8 Center End Boot 6"" x 12"" x 8""",Gray Metal Products,Brand: Gray Metal Products
402PVC10-1,"2"" PVC - 40"" Section",American Air Components,Brand: American Air Components
DSPLEN,D Width Gas Furnace Supply Plenum (23.25 X 19.63 X 36),,Brand: BLANK
16-406-A,"16"" Saddle Collar",,Brand: BLANK
FG2020,"20 X 20 Stamp Faced Sidewall/Ceiling Return 1"" Filter Grille White",Airscape,Brand: Airscape
ELB34,"3/4"" Copper 90",American Air Components,Brand: American Air Components
6-BI-14TPI,"6"" Bi-Metal 14TPI Sawzall Blade",Spyder,Brand: Spyder
GASR134,"1""x3/4"" reducer",,Brand: BLANK
GFLEX185,"18"" x 1/2"" GAS FLEX CONNECTOR",,Brand: BLANK
14COL,"14"" Starting Collar Take Off - Snap Lock",Southwark,Brand: Southwark
RXC18AXVJU,Daikin ENTRA 18 SEER2 18K BTU Heat Pump,Daikin,Brand: Daikin
2PVC45,"PVC 2"" 45 Elbow",American Air Components,Brand: American Air Components
16CIDRYER,16 C.I. Bi-Flow Dryer,Aprilaire,Brand: Aprilaire
146STACK,14 X 6 Stackhead Boot,Gray Metal Products,Brand: Gray Metal Products
YLWRN01,Yellow Wire Nuts (100 ct. Box),,Brand: BLANK
SNDCLTH1,Sanding Cloth,,Brand: BLANK
6-BI-6TPI,"6"" Bi-Metal 6TPI Sawzall Blade",Spyder,Brand: Spyder
403PVC10-1,"3"" PVC - 40"" Section",American Air Components,Brand: American Air Components
AACL08,"Aprilaire 8"" Round Damper 2 Wire Normally Closed Ventilation Damper...",Aprilaire,Brand: Aprilaire
FF1625/2025,"16 x 25 x 4 & 20 x 25 x 4 Universal MERV 11 Filter Replacement 16"" ...",,Brand: BLANK
H-SG16,HydroBalance Sludge Gun Flush Fluid 19.5oz NetWt Can,HydroBalance,Brand: HydroBalance
H-FG64,HydroBalance Multi-Ratio Foam Gun 0.5 Gallon Capacity,HydroBalance,Brand: HydroBalance
UVDYE1,UV Dye,VAPCO,Brand: VAPCO
C165+OIL,UEi C165+OIL Combustion Analyzer for Oil-Fired Appliances,UEI,Brand: UEI
Y12108,12 x 10 x 8 Wye,Southwark,Brand: Southwark
10-310,"10"" Round End Caps No Crimp",,Brand: BLANK
2CONVENT,"2"" CONCENTRIC VENT KIT",,Brand: BLANK
12SEALT100,½” Non-Metallic Sealtite pipe 100',,Brand: BLANK
SAUERMSUUP,Sauermann Mini Split Under Unit Condensation Pump 240V & 120V 240V,Sauerman,Brand: Sauerman
FTXV15AVJU9,Daikin Hi-Wall Style Series 15K BTU Hi-Wall Fan Coil Multi Zone R-32,Daikin,Brand: Daikin
1502UR,Beckett Safety Control Switch,,Brand: BLANK
PLENCSB,C Width Air Handler Return Support Plenum Box NO FILTER RACK (21 x ...,,Brand: BLANK
GASNIP112,1” x 12” fitting,,Brand: BLANK
70029,MINI COPPER TUBE CUTTER,Mastercool,Brand: Mastercool
115UNIIBM1075,1/5-3/4 Multi-Horsepower Universal Indoor Blower Motor 115V 1075 RP...,,Brand: BLANK
34SEALT100,¾” Non-Metallic Sealtite pipe 100',,Brand: BLANK
PLENAHSB,"B Width Air Handler Supply Plenum (12.13 X 16.5 X 36) 13"" x 16""",,Brand: BLANK
34TRACSTR,3/4” Trac Pipe Straight Male Fittings,,Brand: BLANK
C165+,UEi C165+ Residential/Commercial Combustion Analyzer,UEI,Brand: UEI
FRG1414,14 x 14 Floor Return Grille Brown,Airscape,Brand: Airscape
SINGNGBX,Single Gang Box,,Brand: BLANK
LS3425,3/4 X 3/8 25 Ft,Ptubes Linesets,Brand: Ptubes Linesets
WTOE214,2 x 14 Toe Kick Grille White,Airscape,Brand: Airscape
EZPRO-12-HP-11516D-O,EasyPro 5th Generation 12k BTU 115V System,MRCOOL,Brand: MRCOOL
UVF6,"6"" x 25' Uninsulated Vent Flex",,Brand: BLANK
3WAY106,10 x 6 3 Way Stamped Face Register White,Airscape,Brand: Airscape
GASCNIP1,"1"" Close fitting",,Brand: BLANK
62WIRE1,6-2 High Voltage Wire by the foot,,Brand: BLANK
8SW90,"8"" Singlewall Adjustable 90 Degree Elbow",Gray Metal Products,Brand: Gray Metal Products
115SWTCH,115V Wall Furnace Switch,,Brand: BLANK
C161,Residential Combustion Analyzer,UEI,Brand: UEI
PAN3060,30x60 Drain pan with no hole (Horizontal Application),,Brand: BLANK
34TRAC1,"3/4"" Trac Pipe by the foot",,Brand: BLANK
RXC09AXVJU,Daikin ENTRA 18 SEER2 9K BTU Heat Pump,Daikin,Brand: Daikin
CLAMP15,"1.5"" Line Set Snap Mounting Clamp For Line Set",,Brand: BLANK
MPA5285G0030301,">B< Maxipro 3/8""x3/8"" Flare Adaptor",Conex Bänninger,Brand: Conex Bänninger
12COL,"12"" Starting Collar Take Off - Snap Lock",Southwark,Brand: Southwark
R604,"4"" R-6 Flex",Quality Flex,Brand: Quality Flex
40A2PBR,40A 2 Pole 230V Breaker,,Brand: BLANK
AABYP10,"Aprilaire 10"" Round Barometric By-Pass Damper",Aprilaire,Brand: Aprilaire
RED65,6-5 Singlewall Reducer,Gray Metal Products,Brand: Gray Metal Products
CAP253MF,25/3 MF / 440 VA 440V 25+3 MFD HVAC Capacitor,Hartland Controls,Brand: Hartland Controls
BPLENFR,"Furnace Return Air Plenum - B Width (17.5"")",,Brand: BLANK
SCLIP01,SPlastic Pade Clip Kit,Aprilaire,Brand: Aprilaire
D SB PIPE THREAD,BLUE MONSTER PTFE PIPE THREAD SEALANT,Blue Monster Products Mill-Rose,Brand: Blue Monster Products Mill-Rose
4COL,"4"" Starting Collar Take Off - Snap Lock",Southwark,Brand: Southwark
4034PVC10-1,"3/4"" PVC 40"" Section",American Air Components,Brand: American Air Components
BTOE214,2 x 14 Toe Kick Grille Brown,Airscape,Brand: Airscape
9081410,8x14x10 90 Degree Boot,Gray Metal Products,Brand: Gray Metal Products
12TRAC1,"1/2"" Trac Pipe by the foot",,Brand: BLANK
CAP464,Small Exterior Line Set Cover 6 x 7 x 5,,Brand: BLANK
RLYSPDT,"Universal ""Peanut"" Fan Relay SPDT",Hartland Controls,Brand: Hartland Controls
SWCAP10,"10"" Silver Metal Sidewall Cap With 5"" Long Collar, Screen and Damper",Builders Best,Brand: Builders Best
CAP15MF,15 MF / 440 VA 440V 15 MFD HVAC Capacitor,Hartland Controls,Brand: Hartland Controls
C163,Residential/Commercial Combustion Analyzer w/ Pressure,UEI,Brand: UEI
RXQ12ASBU9,Daikin OTERRA 18 SEER2 12K BTU Heat Pump R-32,Daikin,Brand: Daikin
34SEALT1,"3/4"" Non-Metallic Sealtite by the foot",,Brand: BLANK
RB142012,"14""x20""x12"" Return HVAC Boot",Gray Metal Products,Brand: Gray Metal Products
FTXQ12ASBU9,Daikin OTERRA Series 12K BTU Hi-Wall Fan Coil R-32,Daikin,Brand: Daikin
34PVC90,"34"" ¾” PVC 90",American Air Components,Brand: American Air Components
MSL1425,"1/4"" X 3/8"" 25 Ft Mini-split",Ptubes Linesets,Brand: Ptubes Linesets
BOCA518,5x18 boca plates,,Brand: BLANK
AA103W,"Aprilaire 10"" Round Damper 2 Wire Normally Open Zone Damper Model #...",Aprilaire,Brand: Aprilaire
PAD3636,"36"" x 36"" Plastic Pad",,Brand: BLANK
ARMA34,"¾"" Armarflex 1/2"" wall",,Brand: BLANK
QFLSH810,"Quick Flash 8-10"" Blue Plate",Quickflash,Brand: Quickflash
DPLENFR,"Furnace Return Air Plenum - D Width (24.5"")",,Brand: BLANK
34PVCC,"34"" ¾” PVC Couplings",American Air Components,Brand: American Air Components
BLNKCVR1,Blank Cover,,Brand: BLANK
H-214,HydroBalance Wasp & Hornet Killer 14oz Aerosol,HydroBalance,Brand: HydroBalance
AA213,Aprilaire 213 MERV 13 Replacement Filter for 1210 Cabinet,Aprilaire,Brand: Aprilaire
PVC23R,2x3 PVC Reducer,American Air Components,Brand: American Air Components
6SW90,"6"" Singlewall Adjustable 90 Degree Elbow",Gray Metal Products,Brand: Gray Metal Products
MPA5285G0050501,">B< Maxipro 5/8""x5/8"" Flare Adaptor",Conex Bänninger,Brand: Conex Bänninger
C165+N,UEi C165+N Combustion Analyzer with NOx Sensor,UEI,Brand: UEI
THERMO36,Universal Thermocouple,,Brand: BLANK
AAPLEN1910,1910 April Aire Return Support Plenum Box (22.1 X 24.7 X 22.5),Aprilaire,Brand: Aprilaire
04-30-300UB,"4” X 24"" Snaplock Singlewall Pipe",Gray Metal Products,Brand: Gray Metal Products
CSRU3,4 to 5 Ton Compressor Saver Hard Start and Potential Relay 5-2-1,5-2-1 (CPS),Brand: 5-2-1 (CPS)
CE4106,4x10x6 Center End Boot,Gray Metal Products,Brand: Gray Metal Products
PF1625,16x25x1” Pleated Filter,GlassFloss,Brand: GlassFloss
ROSSLV6,"Rossi 6"" Sleeve - Manual Damper",Rossi,Brand: Rossi
3PVC90,"3"" PVC 90",American Air Components,Brand: American Air Components
RECCVR01,Receptacle Cover,,Brand: BLANK
RSWG1414,14 x 14 Stamp Faced Sidewall/Ceiling Return Grille White,Airscape,Brand: Airscape
R810,"10"" R-8 Flex",Quality Flex,Brand: Quality Flex
230UNIIBM1075,1/6-1/2 Multi-Horsepower Universal Indoor Blower Motor 230V 1075 RP...,,Brand: BLANK
RED45,4-5 Singlewall Reducer,Gray Metal Products,Brand: Gray Metal Products
H-SR01,HydroBalance Self-Rinsing Evaporator Coil Base cleaner 1 Gallon,HydroBalance,Brand: HydroBalance
115RECEP,115V Wall Receptacle,,Brand: BLANK
DIY-24-HP-WM-230D25-O,MRCOOL 24k DIY 5th Generation Mini-split Air Handler & Condenser 230v,MRCOOL,Brand: MRCOOL
WFLR104,10 x 4 Floor Register White,Airscape,Brand: Airscape
RED34,3-4 Singlewall Reducer,Gray Metal Products,Brand: Gray Metal Products
52336,CLAMP-ON THERMOCOUPLES,Mastercool,Brand: Mastercool
12HOLE,"1/2"" Hole Straps",,Brand: BLANK
T-200,Amrad Turbo 200,,Brand: BLANK
C165+NOILKIT,UEi C165+NOILKIT Combustion Analyzer Kit for Oil-Fired Appliances with NOx Sensor and Printer,UEI,Brand: UEI
"RXC12AXVJU, FTXC12AXVJU",Daikin ENTRA 18 SEER2 12K BTU Heat Pump and 12K BTU Hi-Wall Fan Coil,Daikin,Brand: Daikin
AA6403K,Aprilaire Zone Board 4 Heat & 2 Cool 2 stage 3 Zone Heat Pump & Gas System Kit Model # 6403K,Aprilaire,Brand: Aprilaire
HUB4,Smart Refrigerant Charging Kit,UEI,Brand: UEI
WETSW01,Wet SwitchDisc Type Wet Switch Flood Detector,,Brand: BLANK
PAD3232,"32"" x 32"" Plastic Pad",,Brand: BLANK
AAE100V,Aprilaire E100V Dehumidifier,Aprilaire,Brand: Aprilaire
14-28-300,"14” X 24"" Snaplock Singlewall Pipe",Gray Metal Products,Brand: Gray Metal Products
STR9078,"7/8"" Copper Street 90",American Air Components,Brand: American Air Components
SB4104,4x10x4 Straight Boot,Gray Metal Products,Brand: Gray Metal Products
GASNIP344,3/4” x 4” fitting,,Brand: BLANK
BOCA01,5x8 boca plates,,Brand: BLANK
R618,"18"" R-6 Flex",Quality Flex,Brand: Quality Flex
2PVC90,"2"" PVC 90",American Air Components,Brand: American Air Components
DM515,True RMS Multimeter 1000V w/ Temperature,UEI,Brand: UEI
8ROOF,8 in. Roof Cap Adapter,,Brand: BLANK
RSB101,"1/4""-20x1"" Phillips Combo Bolt and nut 100 count",,Brand: BLANK
DBOX26,"4"" Dryer Box for 2"" x 6"" Wall Thickness",Construction Solutions,Brand: Construction Solutions
SUCTVALV,3/8 Suction Line Valve,,Brand: BLANK
R612,"12"" R-6 Flex",Quality Flex,Brand: Quality Flex
RB141412,"14""x14""x12"" Return HVAC Boot",Gray Metal Products,Brand: Gray Metal Products
PLENDSB,D Width Air Handler Return Support Plenum Box NO FILTER RACK (24 X ...,,Brand: BLANK
ROSSI12,"Rossi 12"" Complete Manual Damper",Rossi,Brand: Rossi
4EAVEDRYER,"4"" WHITE PLASTIC Dryer EAVE Cap with no collar",Builders Best,Brand: Builders Best
PAD1838,"18"" x 38"" Plastic Pad",,Brand: BLANK
12-BI-6TPI,"12"" Bi-Metal 6TPI Sawzall Blade",Spyder,Brand: Spyder
BTOE210,"2 x 10 Toe Kick Grille Brown 2"" x 10""",Airscape,Brand: Airscape
R808,"8"" R-8 Flex",Quality Flex,Brand: Quality Flex
ATK01,Acid Test kit,Sauerman,Brand: Sauerman
QFLSHS,Quick Flash Short Line Set Cover (Hardie Siding),Quickflash,Brand: Quickflash
FRG144,14 x 4 Floor Return Grille Brown,Airscape,Brand: Airscape
GAS1COUP,"1"" Couplings",,Brand: BLANK
3WAY104,10 x 4 3 Way Stamped Face Register White,Airscape,Brand: Airscape
12SEALT1,"1/2"" Non-Metallic Sealtite by the foot",,Brand: BLANK
PRSSWTCH,Adjustable Pressure Switch,,Brand: BLANK
SS1,RectorSeal Safe-T-Switch SS1,,Brand: BLANK
SB-32,"HydroBalance Bubble Up, Spray-Type 1QT Trig-Spray Bottle Soap Bubble Leak Detector",HydroBalance,Brand: HydroBalance
CLM100,Cable Length Meter,UEI,Brand: UEI
MPA52700040001,">B< Maxipro 1/2"" Straight Coupler",Conex Bänninger,Brand: Conex Bänninger
GASNIP342,3/4” x 2” fitting,,Brand: BLANK
3WAY126,12 x 6 3 Way Stamped Face Register White,Airscape,Brand: Airscape
102WIRE50,10-2 AWG Electrical Wire,,Brand: BLANK
DL489,True RMS Digital Clamp Meter w/ DC Amps,UEI,Brand: UEI
RED76,7-6 Singlewall Reducer,Gray Metal Products,Brand: Gray Metal Products
CP2,FLUE GAS PROBE FOR NEW C SERIES ANALYZERS,UEI,Brand: UEI
FTXC12AXVJU,Daikin ENTRA Series 12K BTU Hi-Wall Fan Coil,Daikin,Brand: Daikin
50A2PBR,50A 2 Pole 230V Breaker,,Brand: BLANK
RED86,8-6 Singlewall Reducer,Gray Metal Products,Brand: Gray Metal Products
Y866,8 x 6 x 6 Wye,Southwark,Brand: Southwark
DISC60,Disconnect 60 amp non-fused,American Air Components,Brand: American Air Components
11BLKSTP,"11"" Black Straps",,Brand: BLANK
03-30-300UB,Sheet Metal 03-30-300UB,Gray Metal Products,Brand: Gray Metal Products
TK-174,"Tube Cutters 1/8"" - 1-1/8""",,Brand: BLANK
CSRU2,3.5 to 5 Ton Compressor Saver Hard Start and Potential Relay 5-2-1,5-2-1 (CPS),Brand: 5-2-1 (CPS)
91050,TOTAL A/C QUICK FLUSH,Mastercool,Brand: Mastercool
AA413,Aprilaire 413 MERV 13 Replacement Filter for 1410 Cabinet,Aprilaire,Brand: Aprilaire
MPA5002 0030001,">B< Maxipro ACR Elbow 3/8""x 90D",Conex Bänninger,Brand: Conex Bänninger
SAUERMSIWP,Sauermann Mini Split In the Wall Behind the unit Condensation Pump ...,Sauerman,Brand: Sauerman
12TRACML,1/2” Trac Pipe Straight Male Fittings,,Brand: BLANK
RED64,6-4 Singlewall Reducer,Gray Metal Products,Brand: Gray Metal Products
AA8466,Aprilaire 8466 Thermostat,Aprilaire,Brand: Aprilaire
CPLENFR,"Furnace Return Air Plenum - C Width (21"")",,Brand: BLANK
Y141210,14 x 12 x 10 Wye,Southwark,Brand: Southwark
JTEKD6,"5/16"" Drilling Screws zip screws 100 Count",,Brand: BLANK
PAN2032,"20x32 Drain pan with no hole (E100V Dehumidifier Application) 20"" x...",,Brand: BLANK
HUB6,Smart Refrigerant Complete Kit,UEI,Brand: UEI
60A2PBR,60A 2 Pole 230V Breaker,,Brand: BLANK
FTXV24AVJU9,Daikin Hi-Wall Style Series 24K BTU Hi-Wall Fan Coil Multi Zone R-32,Daikin,Brand: Daikin
ATT29APACK,Temperature Probe K-Type Flouroplastic Coated,UEI,Brand: UEI
3PVC45,"3"" PVC 45",American Air Components,Brand: American Air Components
REME01,REME HALO UV Air Purofier,"RGF Environmental Group, Inc.","Brand: RGF Environmental Group, Inc."
CE4104,4x10x4 Center End Boot,Gray Metal Products,Brand: Gray Metal Products
SB6106,6x10x6 Straight Boot,Gray Metal Products,Brand: Gray Metal Products
LCAP50,Refrigerant Locking Cap (50 Count),,Brand: BLANK
DL599,Wireless TRMS Clamp Meter w/ 3-Phase Rotation Tests,UEI,Brand: UEI
12ROME,½” Romex Connectors,,Brand: BLANK
230UNICFM825,1/6-1/3 Multi-Horsepower Universal Condenser Fan Motor 825 RPM,,Brand: BLANK
CAP3MF,3 MF / 440 VA 440V 3 MFD HVAC Capacitor,Hartland Controls,Brand: Hartland Controls
SPY600635P,Spyder 1/2-in Rapid Core Eject Quick Change Steel/Tungsten Carbide Hole Saw Arbor,Spyder,Brand: Spyder
AA8190F,Aprilaire 8190FF Ventilation Kit for E100V,Aprilaire,Brand: Aprilaire
PLENAHDFR,D Width Air Handler Return Support Plenum Box With 24x20x1 Filter R...,,Brand: BLANK
END314,"End Cap Only (3.25 X 14) 25"" x 14"" HVAC Duct",,Brand: BLANK
AA8052,Aprilaire 8052 Outdoor and Indoor Temp Sensor,Aprilaire,Brand: Aprilaire
AAC1210,Aprilaire 1210 Media Air Cleaner (20x25),Aprilaire,Brand: Aprilaire
UNI825,1/6-1/3 HP Uni. Multi HP CFM 825 RPM,,Brand: BLANK
TK800E-60,Refrigerant Charging Hoses w/ Shut Off Valves,,Brand: BLANK
C160,Residential Combustion Meter,UEI,Brand: UEI
3MXM24AVJU9,Daikin MXM 24K BTU 3-Zone Heat Pump R-32,Daikin,Brand: Daikin
T-200M,Amrad Turbo 200 Mini,,Brand: BLANK
Y644,6 x 4 x 4 Wye,Southwark,Brand: Southwark
PLENUCD,"D Width Air Handler Supply Plenum (12.13 X 22.75 X 36) 13"" x 22""",,Brand: BLANK
DL379B,Dual Display HVAC Clamp Meter,UEI,Brand: UEI
CAP455MF,45/5 MF / 440 VA 440V 45+5 MFD HVAC Capacitor,Hartland Controls,Brand: Hartland Controls
12TRACFLM,"1/2"" Trac Pipe Floor Mount Fittings",,Brand: BLANK
PF1420,14x20x1” Pleated Filter,GlassFloss,Brand: GlassFloss
Y1088,10 x 8 x 8 Wye,Southwark,Brand: Southwark
CE81410,8x14x10 Center End Boot,Gray Metal Products,Brand: Gray Metal Products
SCHRVLV6,Schrader Valves (6-Pack),,Brand: BLANK
WCAULK,White Caulk,,Brand: BLANK
GRAY-PAINT,Gray Rust-oleum Spray Paint For Gas Meters,,Brand: BLANK
DL419,AC/DC 1000A True RMS Clamp Meter,UEI,Brand: UEI
MASBRS01,Mastic Brush,,Brand: BLANK
FR16251,16 x 25 x 1 Filter Rack,,Brand: BLANK
DIY-12-HP-WM-115D25-O,MRCOOL 12k DIY 5th Generation Mini-split Air Handler & Condenser 115v,MRCOOL,Brand: MRCOOL
EM720SPKIT,Hi-Res Differential Manometer Static Pressure Kit,UEI,Brand: UEI
SWP205,20” X 3' Snaplock Singlewall Pipe,Gray Metal Products,Brand: Gray Metal Products
14SW90,"14"" Singlewall Adjustable 90 Degree Elbow",Gray Metal Products,Brand: Gray Metal Products
GAS12TEE,½” Tee,,Brand: BLANK
SPY600917CF,Spyder Tarantula 4-1/2-in Carbide-tipped Non-arbored Hole Saw,Spyder,Brand: Spyder
GASCNIP12,½” Close fitting,,Brand: BLANK
AAC1625,Aprilaire 1410 Media Air Cleaner (16x25),Aprilaire,Brand: Aprilaire
GASNIP346,3/4” x 6” fitting,,Brand: BLANK
QFLSHUB,Quick Flash Long Line Set Cover (Brick Siding) A/C-UB,Quickflash,Brand: Quickflash
QFLSH4,"Quick Flash 4"" Blue Plate P-300",Quickflash,Brand: Quickflash
MRFILTER01,MRBREEZE Replacement Filter,MRCOOL,Brand: MRCOOL
AAPLEN1410,1410 April Aire Return Support Plenum Box (17.5 X 28 X 22.5),Aprilaire,Brand: Aprilaire
END1224,"End Cap Only (12 X 24) 12"" x 24"" HVAC Duct",,Brand: BLANK
DL579,600A Dual Display TRMS-Clamp w/ Temp/Capacitance,UEI,Brand: UEI
RSWG146,14 x 6 Stamp Faced Sidewall/Ceiling Return Grille White,Airscape,Brand: Airscape
DT720,Dual Input Thermometer,UEI,Brand: UEI
H-2600,HydroBalance Vacuum Pump Oil 1 Quart Bottle w/ Flip Top,HydroBalance,Brand: HydroBalance
AA163W,"Aprilaire 16"" Round Damper 2 Wire Normally Open Zone Damper Model #...",Aprilaire,Brand: Aprilaire
CD100A,Combustible Gas Leak Detector,UEI,Brand: UEI
511KIT,Heat Pump Install Kit,UEI,Brand: UEI
MPA5285G0040401,">B< Maxipro 1/2""x1/2"" Flare Adaptor",Conex Bänninger,Brand: Conex Bänninger
GASCNIP34,3/4” Close fitting,,Brand: BLANK
12SADDLE,"12"" Saddle Collar",Southwark,Brand: Southwark
AA50RLY,Aprilaire Model 50 Current Sensing Relay,Aprilaire,Brand: Aprilaire
HA1,Hermetic Compressor Analyzer,UEI,Brand: UEI
UNIS92,Single-Stage Multi-Speed Gas Furnace UNIS92,,Brand: BLANK
RED1210,12-10 Singlewall Reducer,Gray Metal Products,Brand: Gray Metal Products
78INSUV,"7/8"" Insulation UV Rated",,Brand: BLANK
CAP405MF,40/5 MF / 440 VA 440V 40+5 MFD HVAC Capacitor,Hartland Controls,Brand: Hartland Controls
10SADDLE,"10"" Saddle Collar",Southwark,Brand: Southwark
PLENAHSC,"C Width Air Handler Supply Plenum (12.13 X 21.5 X 36) 13"" x 21""",,Brand: BLANK
RXQ09ASBU9,Daikin OTERRA 18 SEER2 9K BTU Heat Pump R-32,Daikin,Brand: Daikin
GAS1CAP,1” Tee Caps,,Brand: BLANK
MSL1450,"1/4"" X 3/8"" 50 Ft Mini-split",Ptubes Linesets,Brand: Ptubes Linesets
JQK19W,"2"" white register screws 100 count",,Brand: BLANK
ELECTPE,Electrical Tape,,Brand: BLANK
ZC-02,HydroBalance Zip Clean Evap Cleaner Aerosol 18oz NetWt,HydroBalance,Brand: HydroBalance
FTXV12AVJU9,Daikin Hi-Wall Style Series 12K BTU Hi-Wall Fan Coil Multi Zone R-32,Daikin,Brand: Daikin
GASR3412,¾”x½” Reducer,,Brand: BLANK
WSTK31036,"Trunk line with out end caps (3.25 x 10 x 36) 25"" x 10"" x 36"" HVAC ...",,Brand: BLANK
GHB-9-2,Pipe Heating Cable 9.84 ft 230 Volt,,Brand: BLANK
34LTFIT,¾” Straight Liquid Tight Fittings,,Brand: BLANK
CAP403MF,40/3 MF / 440 VA 440V 40+3 MFD HVAC Capacitor,Hartland Controls,Brand: Hartland Controls
GASNIP14,1” x 4” fitting,,Brand: BLANK
GM3465,TuttoKool Universal Condensing Fan Motor 1/3 to 1/6 208-230V 1075 R...,,Brand: BLANK
55800,INTELLASENSE REFRIGERANT LEAK DETECTOR,Mastercool,Brand: Mastercool
ZIPTIE36,"36"" Zip Ties / Tytons (50 ct. Bag)",American Air Components,Brand: American Air Components
"RXC18AXVJU, FTXC18AXVJU",Daikin ENTRA 18 SEER2 18K BTU Heat Pump and 18K BTU Hi-Wall Fan Coil,Daikin,Brand: Daikin
UNIHSI1,Universal Hot Surface Ignitor,,Brand: BLANK
520KIT,Goodman Single-Stage Multi-Speed Gas Furnace 520KIT,UEI,Brand: UEI
R806,"6"" R-8 Flex",Quality Flex,Brand: Quality Flex
BSPLEN,B Width Gas Furnace Supply Plenum (16.25 X 19.63 X 36),,Brand: BLANK
AAC2020,Aprilaire 1310 Media Air Cleaner (20x20),Aprilaire,Brand: Aprilaire
SLVRTP01,Silver Tape,,Brand: BLANK
BRSCAP6,Brass Valve Caps (6 Pack),,Brand: BLANK
AA6203K,Aprilaire Zone Board 1 Heat & 1 Cool Single Stage 3 Zone Gas System...,Aprilaire,Brand: Aprilaire
AA-80PT-DEHU,Aprilaire Model E080 Crawl Space Dehumidifier,Aprilaire,Brand: Aprilaire
H-SG25,HydroBalance Sludge Gun / Flushing Tool Refillable Kit,HydroBalance,Brand: HydroBalance
"RXQ12ASBU9, FTXQ12ASBU9",Daikin OTERRA 18 SEER2 12K BTU Heat Pump R-32 and 12K BTU Hi-Wall Fan Coil R-32,Daikin,Brand: Daikin
DTHA2,Wireless Airflow/ Humidity/ Temperature Meter,UEI,Brand: UEI
CAP255MF,25/5 MF / 440 VA 440V 25+5 MFD HVAC Capacitor,Hartland Controls,Brand: Hartland Controls
OC141412,"Return Air Boot Side Outlet 14 x 14 x 12"" round collar",Gray Metal Products,Brand: Gray Metal Products
R616,"16"" R-6 Flex",Quality Flex,Brand: Quality Flex
PF2025,20x25x1” Pleated Filter,GlassFloss,Brand: GlassFloss
SPY19025,Spyder Mach-Blue 2-Piece 1/4-in Step Drill Bit Set (1/8-in to 7/8-in),Spyder,Brand: Spyder
RED1412,14-12 Singlewall Reducer,Gray Metal Products,Brand: Gray Metal Products
HUB8,Smart Refrigerant Probes Deluxe Kit w/ Vacuum Gauge,UEI,Brand: UEI
AAA,AAA Batteries,,Brand: BLANK
PVCPRM1,"1"" PVC Primer",,Brand: BLANK
GASNIP124,1/2” x 4” fitting,,Brand: BLANK
08-406-ASD,"08"" Saddle Collar with Scoop and Damper",,Brand: BLANK
3PVCC,3” PVC Coupling,American Air Components,Brand: American Air Components
PF2022,20x22x1” Pleated Filter,GlassFloss,Brand: GlassFloss
PF1620,16x20x1” Pleated Filter,GlassFloss,Brand: GlassFloss
70082,A/C RATCHET WRENCH,Mastercool,Brand: Mastercool
C161OIL,Residential Combustion Analyzer for Gas & Oil-Fired Appliances,UEI,Brand: UEI
R812,"12"" R-8 Flex",Quality Flex,Brand: Quality Flex
MSL145850,"1/4"" x 5/8"" 50ft mini-split",Ptubes Linesets,Brand: Ptubes Linesets
2DWRAP,"2"" Roll R-6 Duct Wrap",,Brand: BLANK
LIQVALV,3/4 Liquid Line Valve,,Brand: BLANK
GAS341212T,¾x½x½ Tee,,Brand: BLANK
LS7825,7/8 X 3/8 25 Ft,Ptubes Linesets,Brand: Ptubes Linesets
3WAY146,14 x 6 3 Way Stamped Face Register White,Airscape,Brand: Airscape
COUP78,"7/8"" Copper Coupling",American Air Components,Brand: American Air Components
38HEX01,"3/8""-16 Hex Nut",,Brand: BLANK
BBLWRN01,Large Blue Wire Nuts (50 ct. Box),,Brand: BLANK
DCTTP01,Black Duct Tape,,Brand: BLANK
TK800-60,Refrigerant Charging Hoses,,Brand: BLANK
H-401,HydroBalance Hydro-Coil Concentrate 1 Gal Bottle Self-Rinsing Evaporator Coil Cleaner,HydroBalance,Brand: HydroBalance
RED53,5-3 Singlewall Reducer,Gray Metal Products,Brand: Gray Metal Products
102WIRE1,Electrical Component 102WIRE1,,Brand: BLANK
CS-100,HydroBalance Sta-Clean Pan Strips 1 Strip up to 2.5 Ton,HydroBalance,Brand: HydroBalance
CAP505MF,50/5 MF / 440 VA 440V 50+5 MFD HVAC Capacitor,Hartland Controls,Brand: Hartland Controls
H-1101,"HydroBalance Hydro-Kleen Concentrate Non-Acid, Foaming, Air-Cooled Condenser Cleaner",HydroBalance,Brand: HydroBalance
CAP20MF,20 MF / 440 VA 440V 20 MFD HVAC Capacitor,Hartland Controls,Brand: Hartland Controls
CAP5MF,5 MF / 440 VA 440V 5 MFD HVAC Capacitor,Hartland Controls,Brand: Hartland Controls
1FLTMTLS,1” Flat Metal Duct Strap / roll,,Brand: BLANK
FG1414,"14 x 14 Stamp Faced Sidewall/Ceiling Return 1"" Filter Grille White",Airscape,Brand: Airscape
AAC2520,Aprilaire 1910 Media Air Cleaner (25x20),Aprilaire,Brand: Aprilaire
PG8J936D210B1805AP,ADP 3 Ton R-410A Cased Evaporator Coil - PG8J936D210B1805AP,,Brand: BLANK
18COL,"18"" Starting Collar Take Off - Snap Lock",Southwark,Brand: Southwark
CLRTUB01,"3/8"" Clear Tubing",,Brand: BLANK
AA62,Aprilaire Automatic Digital Humidifier Control For Model 800 Steam ...,Aprilaire,Brand: Aprilaire
RXC24AXVJU,Daikin ENTRA 18 SEER2 24K BTU Heat Pump,Daikin,Brand: Daikin
GASNIP1212,1/2” x 12” fitting,,Brand: BLANK
UVF4,4” x 25' Uninsulated Vent Flex,,Brand: BLANK
ROSSI14,"Rossi 14"" Complete Manual Damper",Rossi,Brand: Rossi
AAH800,Aprilaire Model 800 Steam Humidifier,Aprilaire,Brand: Aprilaire
14WIRE250,14-4 Mini-Split Wire 250' Roll,,Brand: BLANK
106STACK,10 X 6 Stackhead Boot,Gray Metal Products,Brand: Gray Metal Products
SLVRTPR,Silver Tape Red Letter,,Brand: BLANK
"RXC09AXVJU, FTXC09AXVJU",Daikin ENTRA 18 SEER2 9K BTU Heat Pump and 9K BTU Hi-Wall Fan Coil,Daikin,Brand: Daikin
RED1614,16-14 Singlewall Reducer,Gray Metal Products,Brand: Gray Metal Products
FF-32,HydroBalance Free-Flo Heavy Duty Drain Opener 1 Quart Bottle - FF-32,HydroBalance,Brand: HydroBalance
RDWRN01,Red Wire Nuts (100 ct. Box),,Brand: BLANK
GAS3490,¾” 90s,,Brand: BLANK
34PVCCP,"34"" ¾” PVC Cap",American Air Components,Brand: American Air Components
GAS34CAP,¾” Caps,,Brand: BLANK
14-406-A,"14"" Saddle Collar",,Brand: BLANK
34PVCM,"34"" PVC Male Fitting",American Air Components,Brand: American Air Components
2X2DBOARD112-1,Duct Board 1.5 in. 2 ft. x 2 ft. Sheet,,Brand: BLANK
38WSHR1,"3/8"" washers per",,Brand: BLANK
34PVCT,"34"" ¾” PVC Tee",American Air Components,Brand: American Air Components
COA2,Carbon Monoxide Detector w/ Wireless Capabilities,UEI,Brand: UEI
GASNIP126,1/2” x 6” fitting,,Brand: BLANK
12-310,"12"" Round End Caps No Crimp",,Brand: BLANK
91496,VALVE CORE REMOVER/INSTALLER W/ACCESS PORT (HVAC),Mastercool,Brand: Mastercool
PF2020,20x20x1” Pleated Filter,GlassFloss,Brand: GlassFloss
COUP38,"3/8"" Copper Coupling",American Air Components,Brand: American Air Components
MAST01,Mastic white,,Brand: BLANK
FTXC18AXVJU,Daikin ENTRA Series 18K BTU Hi-Wall Fan Coil,Daikin,Brand: Daikin
H-PO15,HydroBalance Penetrating Oil Areosol 15oz NetWt Aerosol,HydroBalance,Brand: HydroBalance
VIBPAD1,Vibration Isolation Plastic Pads,,Brand: BLANK
DIY-18-HP-WM-230D25-O,MRCOOL 18k DIY 5th Generation Mini-split Air Handler & Condenser 230v,MRCOOL,Brand: MRCOOL
20SW90,"20"" Singlewall Adjustable 90 Degree Elbow",Gray Metal Products,Brand: Gray Metal Products
ELB38,"3/8"" Copper 90",American Air Components,Brand: American Air Components
4ROOF,"4"" Roof Cap Adapter",,Brand: BLANK
CSRU1,1 to 3 ton Compressor Saver Hard Start and Potential Relay 5-2-1,5-2-1 (CPS),Brand: 5-2-1 (CPS)
PAN2424,"24x24 Drain pan with no hole (Upflow Closet Application) 24"" x 24""",,Brand: BLANK
SPY600880,Spyder 14 Piece Tungsten Carbide Tipped Wood-Masonry Hole Saw Set,Spyder,Brand: Spyder
AA-8126,Aprilaire Model 8126X Add-On Outside Air Ventilation Kit with Controller,Aprilaire,Brand: Aprilaire
DM525,True RMS Wireless Multimeter 1000V w/ Power Factor,UEI,Brand: UEI
DT304,Quad Input Logging Thermometer,UEI,Brand: UEI
GASPRS1,"1"" Brass Gas Pressure Gauge",,Brand: BLANK
Y121010,12 x 10 x 10 Wye,Southwark,Brand: Southwark
90FLMSN,Right Angle Universal Flame Sensor,,Brand: BLANK
12WIRE250,12-2 High Voltage Wire 250' Roll,,Brand: BLANK
34TRACFLM,"3/4"" Trac Pipe Floor Mount Fittings",,Brand: BLANK
34ROME,¾” Romex Connectors,,Brand: BLANK
GM3464,TuttoKool Universal Blower Motor 1/2 to 1/6 208-230V 1075 RPM 208-230V,,Brand: BLANK
20A115,20A 1 Pole 115V Breaker,,Brand: BLANK
SWCAP4,"4"" White Plastic Sidewall Cap With 11"" Long Collar, Screen and Damper",Builders Best,Brand: Builders Best
R814,"14"" R-8 Flex",Quality Flex,Brand: Quality Flex
AA,AA Batteries,,Brand: BLANK
"RXQ09ASBU9, FTXQ09ASBU9",Daikin OTERRA 18 SEER2 9K BTU Heat Pump R-32 and 9K BTU Hi-Wall Fan Coil R-32,Daikin,Brand: Daikin
4MXM36AVJU9,Daikin MXM 36K BTU 4-Zone Heat Pump R-32,Daikin,Brand: Daikin
GAS13434T,1”x¾x¾ Tee,,Brand: BLANK
CAP303MF,30/3 MF / 440 VA 440V 30+3 MFD HVAC Capacitor,Hartland Controls,Brand: Hartland Controls
GASNIP3412,3/4” x 12” fitting,,Brand: BLANK
SWCAP8,"8"" Silver Metal Sidewall Cap With 5"" Long Collar, Screen and Damper",Builders Best,Brand: Builders Best
WSTK31436,"Trunk line with out end caps (3.25 x 14 x 36) 25"" x 14"" x 36"" HVAC ...",,Brand: BLANK
AA143W,"Aprilaire 14"" Round Damper 2 Wire Normally Open Zone Damper Model #...",Aprilaire,Brand: Aprilaire
D SB PVC CEMENT,BLUE MONSTER PVC CEMENT 1/4 PINT (4 FL OZ),Blue Monster Products Mill-Rose,Brand: Blue Monster Products Mill-Rose
SPY600634P,Spyder 1/2-in Rapid Core Eject Quick Change Hss Hole Saw Arbor,Spyder,Brand: Spyder
PRSWTUB,Pressure Switch Tubing,,Brand: BLANK
906106,6x10x6 90 Degree Boot,Gray Metal Products,Brand: Gray Metal Products
CE6148,6x14x8 Center End Boot,Gray Metal Products,Brand: Gray Metal Products
HVYRCP48,"Black Plastic Universal Roof Cap Fits from 4"" to 8"" connections (Adapter Required)",,Brand: BLANK
DAFM3B,Digital Anemometer w/ Humidity Tester,UEI,Brand: UEI
3428BARB,"3428"" 3/4”x 3/8” PVC Barb Adapters",American Air Components,Brand: American Air Components
PF1425,14x25x1” Pleated Filter,GlassFloss,Brand: GlassFloss
GAS190,1” 90s,,Brand: BLANK
ELB78,"7/8"" Copper 90",American Air Components,Brand: American Air Components
DIY-36-HP-WM-230D25-O,MRCOOL 36k DIY 5th Generation Mini-split Air Handler & Condenser 230v,MRCOOL,Brand: MRCOOL
TRAN40VA,120V/240V 40VA Transformer,Hartland Controls,Brand: Hartland Controls
AABYP08,"Aprilaire 8"" Round Barometric By-Pass Damper",Aprilaire,Brand: Aprilaire
JQK10,Zip Screws 100 Count,,Brand: BLANK
R816,"16"" R-8 Flex",Quality Flex,Brand: Quality Flex
WI-70,VAPCO Hand and Surface 70 ct. Cleaning Wipes WI-70,VAPCO,Brand: VAPCO
ROSSLV4,Rossi 4 in. Manual Damper Sleeve,Rossi,Brand: Rossi
EM201B,Static Pressure Differential Manometer,UEI,Brand: UEI
34PVCP,"34"" PVC 3/4"" P-Traps",American Air Components,Brand: American Air Components
CONPL1,Single Pole 240V 24V Coil Contactor 240V HVAC Relay,Hartland Controls,Brand: Hartland Controls
Y1086,10 x 8 x 6 Wye,Southwark,Brand: Southwark
